,quadratAllTime,quadratIndYear,2001,2002,2003,2004,2005,2006,2007,2008,2009,2010,2011,2012,2013,2014,2015,2016,2017,2018
1,,PGEC1-1,,,,,,1,,,,,,,,,,,,
2,,PGEC1-10,,,,,,1,,,,,,,,,,,,
3,,PGEC1-2,,,,,,1,,,,,,,,,,,,
4,,PGEC1-3,,,,,,1,,,,,,,,,,,,
5,,PGEC1-4,,,,,,1,,,,,,,,,,,,
6,,PGEC1-5,,,,,,1,,,,,,,,,,,,
7,,PGEC1-6,,,,,,1,,,,,,,,,,,,
8,,PGEC1-7,,,,,,1,,,,,,,,,,,,
9,,PGEC1-8,,,,,,1,,,,,,,,,,,,
10,,PGEC1-9,,,,,,1,,,,,,,,,,,,
11,,PGEC2-1,,,,,,1,,,,,1,,,,,,,
12,,PGEC2-10,,,,,,1,,,,,1,,,,,,,
13,,PGEC2-2,,,,,,1,,,,,1,,,,,,,
14,,PGEC2-3,,,,,,1,,,,,1,,,,,,,
15,,PGEC2-4,,,,,,1,,,,,1,,,,,,,
16,,PGEC2-5,,,,,,1,,,,,1,,,,,,,
17,,PGEC2-6,,,,,,1,,,,,1,,,,,,,
18,,PGEC2-7,,,,,,1,,,,,1,,,,,,,
19,,PGEC2-8,,,,,,1,,,,,1,,,,,,,
20,,PGEC2-9,,,,,,1,,,,,1,,,,,,,
21,,PGEM1-1,,,,,,1,,,,,,,,,,,,
22,,PGEM1-10,,,,,,1,,,,,,,,,,,,
23,,PGEM1-2,,,,,,1,,,,,,,,,,,,
24,,PGEM1-3,,,,,,1,,,,,,,,,,,,
25,,PGEM1-4,,,,,,1,,,,,,,,,,,,
26,,PGEM1-5,,,,,,1,,,,,,,,,,,,
27,,PGEM1-6,,,,,,1,,,,,,,,,,,,
28,,PGEM1-7,,,,,,1,,,,,,,,,,,,
29,,PGEM1-8,,,,,,1,,,,,,,,,,,,
30,,PGEM1-9,,,,,,1,,,,,,,,,,,,
31,,PGEM2-1,,,,,,1,,,,,1,,,,,,,
32,,PGEM2-10,,,,,,1,,,,,1,,,,,,,
33,,PGEM2-2,,,,,,1,,,,,1,,,,,,,
34,,PGEM2-3,,,,,,1,,,,,1,,,,,,,
35,,PGEM2-4,,,,,,1,,,,,1,,,,,,,
36,,PGEM2-5,,,,,,1,,,,,1,,,,,,,
37,,PGEM2-6,,,,,,1,,,,,1,,,,,,,
38,,PGEM2-7,,,,,,1,,,,,1,,,,,,,
39,,PGEM2-8,,,,,,1,,,,,1,,,,,,,
40,,PGEM2-9,,,,,,1,,,,,1,,,,,,,
41,,PGEM3-1,,,,,,1,,,,,1,,,,,,,
42,,PGEM3-10,,,,,,1,,,,,1,,,,,,,
43,,PGEM3-2,,,,,,1,,,,,1,,,,,,,
44,,PGEM3-3,,,,,,1,,,,,1,,,,,,,
45,,PGEM3-4,,,,,,1,,,,,1,,,,,,,
46,,PGEM3-5,,,,,,1,,,,,1,,,,,,,
47,,PGEM3-6,,,,,,1,,,,,1,,,,,,,
48,,PGEM3-7,,,,,,1,,,,,1,,,,,,,
49,,PGEM3-8,,,,,,1,,,,,1,,,,,,,
50,,PGEM3-9,,,,,,1,,,,,1,,,,,,,
51,,PGEM4-1,,,,,,1,,,,,,,,,,,,
52,,PGEM4-10,,,,,,1,,,,,,,,,,,,
53,,PGEM4-2,,,,,,1,,,,,,,,,,,,
54,,PGEM4-3,,,,,,1,,,,,,,,,,,,
55,,PGEM4-4,,,,,,1,,,,,,,,,,,,
56,,PGEM4-5,,,,,,1,,,,,,,,,,,,
57,,PGEM4-6,,,,,,1,,,,,,,,,,,,
58,,PGEM4-7,,,,,,1,,,,,,,,,,,,
59,,PGEM4-8,,,,,,1,,,,,,,,,,,,
60,,PGEM4-9,,,,,,1,,,,,,,,,,,,
61,,PGESWALE1-1,,,,,,1,,,,,,,,,,,,
62,,PGESWALE1-10,,,,,,1,,,,,,,,,,,,
63,,PGESWALE1-2,,,,,,1,,,,,,,,,,,,
64,,PGESWALE1-3,,,,,,1,,,,,,,,,,,,
65,,PGESWALE1-4,,,,,,1,,,,,,,,,,,,
66,,PGESWALE1-5,,,,,,1,,,,,,,,,,,,
67,,PGESWALE1-6,,,,,,1,,,,,,,,,,,,
68,,PGESWALE1-7,,,,,,1,,,,,,,,,,,,
69,,PGESWALE1-8,,,,,,1,,,,,,,,,,,,
70,,PGESWALE1-9,,,,,,1,,,,,,,,,,,,
71,,PGEVC1-01,,,,,,,,,,,,,,,,,1,
72,,PGEVC1-02,,,,,,,,,,,,,,,,,1,
73,,PGEVC1-03,,,,,,,,,,,,,,,,,1,
74,,PGEVC1-04,,,,,,,,,,,,,,,,,1,
75,,PGEVC1-05,,,,,,,,,,,,,,,,,1,
76,,PGEVC1-06,,,,,,,,,,,,,,,,,1,
77,,PGEVC1-07,,,,,,,,,,,,,,,,,1,
78,,PGEVC1-08,,,,,,,,,,,,,,,,,1,
79,,PGEVC1-09,,,,,,,,,,,,,,,,,1,
80,,PGEVC1-1,,,,,,1,,,,,1,,,,1,1,,1
81,,PGEVC1-10,,,,,,1,,,,,1,,,,1,1,1,1
82,,PGEVC1-2,,,,,,1,,,,,1,,,,1,1,,1
83,,PGEVC1-3,,,,,,1,,,,,1,,,,1,1,,1
84,,PGEVC1-4,,,,,,1,,,,,1,,,,1,1,,1
85,,PGEVC1-5,,,,,,1,,,,,1,,,,1,1,,1
86,,PGEVC1-6,,,,,,1,,,,,1,,,,1,1,,1
87,,PGEVC1-7,,,,,,1,,,,,1,,,,1,1,,1
88,,PGEVC1-8,,,,,,1,,,,,1,,,,1,1,,1
89,,PGEVC1-9,,,,,,1,,,,,1,,,,1,1,,1
90,,PGEVC2-1,,,,,,1,,,,,,,,,,,,
91,,PGEVC2-10,,,,,,1,,,,,,,,,,,,
92,,PGEVC2-2,,,,,,1,,,,,,,,,,,,
93,,PGEVC2-3,,,,,,1,,,,,,,,,,,,
94,,PGEVC2-4,,,,,,1,,,,,,,,,,,,
95,,PGEVC2-5,,,,,,1,,,,,,,,,,,,
96,,PGEVC2-6,,,,,,1,,,,,,,,,,,,
97,,PGEVC2-7,,,,,,1,,,,,,,,,,,,
98,,PGEVC2-8,,,,,,1,,,,,,,,,,,,
99,,PGEVC2-9,,,,,,1,,,,,,,,,,,,
100,,PGEVW1-1,,,,,,1,,,,,,,,,,,,
101,,PGEVW1-10,,,,,,1,,,,,,,,,,,,
102,,PGEVW1-2,,,,,,1,,,,,,,,,,,,
103,,PGEVW1-3,,,,,,1,,,,,,,,,,,,
104,,PGEVW1-4,,,,,,1,,,,,,,,,,,,
105,,PGEVW1-5,,,,,,1,,,,,,,,,,,,
106,,PGEVW1-6,,,,,,1,,,,,,,,,,,,
107,,PGEVW1-7,,,,,,1,,,,,,,,,,,,
108,,PGEVW1-8,,,,,,1,,,,,,,,,,,,
109,,PGEVW1-9,,,,,,1,,,,,,,,,,,,
110,,PGEVW2-1,,,,,,1,,,,,,,,,,,,
111,,PGEVW2-10,,,,,,1,,,,,,,,,,,,
112,,PGEVW2-2,,,,,,1,,,,,,,,,,,,
113,,PGEVW2-3,,,,,,1,,,,,,,,,,,,
114,,PGEVW2-4,,,,,,1,,,,,,,,,,,,
115,,PGEVW2-5,,,,,,1,,,,,,,,,,,,
116,,PGEVW2-6,,,,,,1,,,,,,,,,,,,
117,,PGEVW2-7,,,,,,1,,,,,,,,,,,,
118,,PGEVW2-8,,,,,,1,,,,,,,,,,,,
119,,PGEVW2-9,,,,,,1,,,,,,,,,,,,
120,,PGEW1-01,,,,,,,,,,,,,,,1,1,1,1
121,,PGEW1-02,,,,,,,,,,,,,,,1,1,1,1
122,,PGEW1-03,,,,,,,,,,,,,,,1,1,1,1
123,,PGEW1-04,,,,,,,,,,,,,,,1,1,1,1
124,,PGEW1-05,,,,,,,,,,,,,,,1,1,1,1
125,,PGEW1-06,,,,,,,,,,,,,,,1,1,1,1
126,,PGEW1-07,,,,,,,,,,,,,,,1,1,1,1
127,,PGEW1-08,,,,,,,,,,,,,,,1,1,1,1
128,,PGEW1-09,,,,,,,,,,,,,,,1,1,1,1
129,,PGEW1-1,,,,,,1,,,,,1,,,,,,,
130,,PGEW1-10,,,,,,1,,,,,1,,,,1,1,1,1
131,,PGEW1-2,,,,,,1,,,,,1,,,,,,,
132,,PGEW1-3,,,,,,1,,,,,1,,,,,,,
133,,PGEW1-4,,,,,,1,,,,,1,,,,,,,
134,,PGEW1-5,,,,,,1,,,,,1,,,,,,,
135,,PGEW1-6,,,,,,1,,,,,1,,,,,,,
136,,PGEW1-7,,,,,,1,,,,,1,,,,,,,
137,,PGEW1-8,,,,,,1,,,,,1,,,,,,,
138,,PGEW1-9,,,,,,1,,,,,1,,,,,,,
139,,PGEW2-1,,,,,,1,,,,,,,,,,,,
140,,PGEW2-10,,,,,,1,,,,,,,,,,,,
141,,PGEW2-2,,,,,,1,,,,,,,,,,,,
142,,PGEW2-3,,,,,,1,,,,,,,,,,,,
143,,PGEW2-4,,,,,,1,,,,,,,,,,,,
144,,PGEW2-5,,,,,,1,,,,,,,,,,,,
145,,PGEW2-6,,,,,,1,,,,,,,,,,,,
146,,PGEW2-7,,,,,,1,,,,,,,,,,,,
147,,PGEW2-8,,,,,,1,,,,,,,,,,,,
148,,PGEW2-9,,,,,,1,,,,,,,,,,,,
149,,THB1-1,,,1,1,,,,,,,,,,,,,,
150,,THB1-10,,,1,1,,,,,,,,,,,,,,
151,,THB1-2,,,1,1,,,,,,,,,,,,,,
152,,THB1-3,,,1,1,,,,,,,,,,,,,,
153,,THB1-4,,,1,1,,,,,,,,,,,,,,
154,,THB1-5,,,1,1,,,,,,,,,,,,,,
155,,THB1-6,,,1,1,,,,,,,,,,,,,,
156,,THB1-7,,,1,1,,,,,,,,,,,,,,
157,,THB1-8,,,1,1,,,,,,,,,,,,,,
158,,THB1-9,,,1,1,,,,,,,,,,,,,,
159,,THB2-1,,,1,1,,,,,,,,,,,,,,
160,,THB2-10,,,1,1,,,,,,,,,,,,,,
161,,THB2-2,,,1,1,,,,,,,,,,,,,,
162,,THB2-3,,,1,1,,,,,,,,,,,,,,
163,,THB2-4,,,1,1,,,,,,,,,,,,,,
164,,THB2-5,,,1,1,,,,,,,,,,,,,,
165,,THB2-6,,,1,1,,,,,,,,,,,,,,
166,,THB2-7,,,1,1,,,,,,,,,,,,,,
167,,THB2-8,,,1,1,,,,,,,,,,,,,,
168,,THB2-9,,,1,1,,,,,,,,,,,,,,
169,,THBUGM1-1,,,,,,1,1,1,1,1,1,1,,,,,,
170,,THBUGM1-10,,,,,,1,1,1,1,1,1,1,,,,,,
171,,THBUGM1-2,,,,,,1,1,1,1,1,1,1,,,,,,
172,,THBUGM1-3,,,,,,1,1,1,1,1,1,1,,,,,,
173,,THBUGM1-4,,,,,,1,1,1,1,1,1,1,,,,,,
174,,THBUGM1-5,,,,,,1,1,1,1,1,1,1,,,,,,
175,,THBUGM1-6,,,,,,1,1,1,1,1,1,1,,,,,,
176,,THBUGM1-7,,,,,,1,1,1,1,1,1,1,,,,,,
177,,THBUGM1-8,,,,,,1,1,1,1,1,1,1,,,,,,
178,,THBUGM1-9,,,,,,1,1,1,1,1,1,1,,,,,,
179,,THBUGM2-1,,,,,,1,1,1,1,1,1,1,,,,,,
180,,THBUGM2-10,,,,,,1,1,1,1,1,1,1,,,,,,
181,,THBUGM2-2,,,,,,1,1,1,1,1,1,1,,,,,,
182,,THBUGM2-3,,,,,,1,1,1,1,1,1,1,,,,,,
183,,THBUGM2-4,,,,,,1,1,1,1,1,1,1,,,,,,
184,,THBUGM2-5,,,,,,1,1,1,1,1,1,1,,,,,,
185,,THBUGM2-6,,,,,,1,1,1,1,1,1,1,,,,,,
186,,THBUGM2-7,,,,,,1,1,1,1,1,1,1,,,,,,
187,,THBUGM2-8,,,,,,1,1,1,1,1,1,1,,,,,,
188,,THBUGM2-9,,,,,,1,1,1,1,1,1,1,,,,,,
189,,THC1-01,,,,,,,,,,,,,,,1,1,1,1
190,,THC1-02,,,,,,,,,,,,,,,1,1,1,1
191,,THC1-03,,,,,,,,,,,,,,,1,1,1,1
192,,THC1-04,,,,,,,,,,,,,,,1,1,1,1
193,,THC1-05,,,,,,,,,,,,,,,1,1,1,1
194,,THC1-06,,,,,,,,,,,,,,,1,1,1,1
195,,THC1-07,,,,,,,,,,,,,,,1,1,1,1
196,,THC1-08,,,,,,,,,,,,,,,1,1,1,1
197,,THC1-09,,,,,,,,,,,,,,,1,1,1,1
198,,THC1-1,1,1,1,1,1,1,1,1,1,1,1,1,1,1,,,,
199,,THC1-10,1,1,1,1,1,1,1,1,1,1,1,1,1,1,1,1,1,1
200,,THC1-2,1,1,1,1,1,1,1,1,1,1,1,1,1,1,,,,
201,,THC1-3,1,1,1,1,1,1,1,1,1,1,1,1,1,1,,,,
202,,THC1-4,1,1,1,1,1,1,1,1,1,1,1,1,1,1,,,,
203,,THC1-5,1,1,1,1,1,1,1,1,1,1,1,1,1,1,,,,
204,,THC1-6,1,1,1,1,1,1,1,1,1,1,1,1,1,1,,,,
205,,THC1-7,1,1,1,1,1,1,1,1,1,1,1,1,1,1,,,,
206,,THC1-8,1,1,1,1,1,1,1,1,1,1,1,1,1,1,,,,
207,,THC1-9,1,1,1,1,1,1,1,1,1,1,1,1,1,1,,,,
208,,THC2-01,,,,,,,,,,,,,,,1,1,1,1
209,,THC2-02,,,,,,,,,,,,,,,1,1,1,1
210,,THC2-03,,,,,,,,,,,,,,,1,1,1,1
211,,THC2-04,,,,,,,,,,,,,,,1,1,1,1
212,,THC2-05,,,,,,,,,,,,,,,1,1,1,1
213,,THC2-06,,,,,,,,,,,,,,,1,1,1,1
214,,THC2-07,,,,,,,,,,,,,,,1,1,1,1
215,,THC2-08,,,,,,,,,,,,,,,1,1,1,1
216,,THC2-09,,,,,,,,,,,,,,,1,1,1,1
217,,THC2-1,,,,,1,1,1,1,1,1,1,1,1,1,,,,
218,,THC2-10,,,,,1,1,1,1,1,1,1,1,1,1,1,1,1,1
219,,THC2-2,,,,,1,1,1,1,1,1,1,1,1,1,,,,
220,,THC2-3,,,,,1,1,1,1,1,1,1,1,1,1,,,,
221,,THC2-4,,,,,1,1,1,1,1,1,1,1,1,1,,,,
222,,THC2-5,,,,,1,1,1,1,1,1,1,1,1,1,,,,
223,,THC2-6,,,,,1,1,1,1,1,1,1,1,1,1,,,,
224,,THC2-7,,,,,1,1,1,1,1,1,1,1,1,1,,,,
225,,THC2-8,,,,,1,1,1,1,1,1,1,1,1,1,,,,
226,,THC2-9,,,,,1,1,1,1,1,1,1,1,1,1,,,,
227,,THM1-1,1,1,1,1,1,1,1,1,1,1,1,1,1,1,,,,
228,,THM1-10,1,1,1,1,1,1,1,1,1,1,1,1,1,1,,,,
229,,THM1-2,1,1,1,1,1,1,1,1,1,1,1,1,1,1,,,,
230,,THM1-3,1,1,1,1,1,1,1,1,1,1,1,1,1,1,,,,
231,,THM1-4,1,1,1,1,1,1,1,1,1,1,1,1,1,1,,,,
232,,THM1-5,1,1,1,1,1,1,1,1,1,1,1,1,1,1,,,,
233,,THM1-6,1,1,1,1,1,1,1,1,1,1,1,1,1,1,,,,
234,,THM1-7,1,1,1,1,1,1,1,1,1,1,1,1,1,1,,,,
235,,THM1-8,1,1,1,1,1,1,1,1,1,1,1,1,1,1,,,,
236,,THM1-9,1,1,1,1,1,1,1,1,1,1,1,1,1,1,,,,
237,,THM2-01,,,,,,,,,,,,,,,1,1,1,1
238,,THM2-02,,,,,,,,,,,,,,,1,1,1,1
239,,THM2-03,,,,,,,,,,,,,,,1,1,1,1
240,,THM2-04,,,,,,,,,,,,,,,1,1,1,1
241,,THM2-05,,,,,,,,,,,,,,,1,1,1,1
242,,THM2-06,,,,,,,,,,,,,,,1,1,1,1
243,,THM2-07,,,,,,,,,,,,,,,1,1,1,1
244,,THM2-08,,,,,,,,,,,,,,,1,1,1,1
245,,THM2-09,,,,,,,,,,,,,,,1,1,1,1
246,,THM2-1,1,1,1,1,1,1,1,1,1,1,1,1,1,1,,,,
247,,THM2-10,1,1,1,1,1,1,1,1,1,1,1,1,1,1,1,1,1,1
248,,THM2-2,1,1,1,1,1,1,1,1,1,1,1,1,1,1,,,,
249,,THM2-3,1,1,1,1,1,1,1,1,1,1,1,1,1,1,,,,
250,,THM2-4,1,1,1,1,1,1,1,1,1,1,1,1,1,1,,,,
251,,THM2-5,1,1,1,1,1,1,1,1,1,1,1,1,1,1,,,,
252,,THM2-6,1,1,1,1,1,1,1,1,1,1,1,1,1,1,,,,
253,,THM2-7,1,1,1,1,1,1,1,1,1,1,1,1,1,1,,,,
254,,THM2-8,1,1,1,1,1,1,1,1,1,1,1,1,1,1,,,,
255,,THM2-9,1,1,1,1,1,1,1,1,1,1,1,1,1,1,,,,
256,,THM3-01,,,,,,,,,,,,,,,1,1,1,1
257,,THM3-02,,,,,,,,,,,,,,,1,1,1,1
258,,THM3-03,,,,,,,,,,,,,,,1,1,1,1
259,,THM3-04,,,,,,,,,,,,,,,1,1,1,1
260,,THM3-05,,,,,,,,,,,,,,,1,1,1,1
261,,THM3-06,,,,,,,,,,,,,,,1,1,1,1
262,,THM3-07,,,,,,,,,,,,,,,1,1,1,1
263,,THM3-08,,,,,,,,,,,,,,,1,1,1,1
264,,THM3-09,,,,,,,,,,,,,,,1,1,1,1
265,,THM3-1,1,1,1,1,1,1,1,1,1,1,1,1,1,1,,,,
266,,THM3-10,1,1,1,1,1,1,1,1,1,1,1,1,1,1,1,1,1,1
267,,THM3-2,1,1,1,1,1,1,1,1,1,1,1,1,1,1,,,,
268,,THM3-3,1,1,1,1,1,1,1,1,1,1,1,1,1,1,,,,
269,,THM3-4,1,1,1,1,1,1,1,1,1,1,1,1,1,1,,,,
270,,THM3-5,1,1,1,1,1,1,1,1,1,1,1,1,1,1,,,,
271,,THM3-6,1,1,1,1,1,1,1,1,1,1,1,1,1,1,,,,
272,,THM3-7,1,1,1,1,1,1,1,1,1,1,1,1,1,1,,,,
273,,THM3-8,1,1,1,1,1,1,1,1,1,1,1,1,1,1,,,,
274,,THM3-9,1,1,1,1,1,1,1,1,1,1,1,1,1,1,,,,
275,,THM4-01,,,,,,,,,,,,,,,1,1,1,1
276,,THM4-02,,,,,,,,,,,,,,,1,1,1,1
277,,THM4-03,,,,,,,,,,,,,,,1,1,1,1
278,,THM4-04,,,,,,,,,,,,,,,1,1,1,1
279,,THM4-05,,,,,,,,,,,,,,,1,1,1,1
280,,THM4-06,,,,,,,,,,,,,,,1,1,1,1
281,,THM4-07,,,,,,,,,,,,,,,1,1,1,1
282,,THM4-08,,,,,,,,,,,,,,,1,1,1,1
283,,THM4-09,,,,,,,,,,,,,,,1,1,1,1
284,,THM4-1,1,1,1,1,1,1,1,1,1,1,1,1,1,1,,,,
285,,THM4-10,1,1,1,1,1,1,1,1,1,1,1,1,1,1,1,1,1,1
286,,THM4-2,1,1,1,1,1,1,1,1,1,1,1,1,1,1,,,,
287,,THM4-3,1,1,1,1,1,1,1,1,1,1,1,1,1,1,,,,
288,,THM4-4,1,1,1,1,1,1,1,1,1,1,1,1,1,1,,,,
289,,THM4-5,1,1,1,1,1,1,1,1,1,1,1,1,1,1,,,,
290,,THM4-6,1,1,1,1,1,1,1,1,1,1,1,1,1,1,,,,
291,,THM4-7,1,1,1,1,1,1,1,1,1,1,1,1,1,1,,,,
292,,THM4-8,1,1,1,1,1,1,1,1,1,1,1,1,1,1,,,,
293,,THM4-9,1,1,1,1,1,1,1,1,1,1,1,1,1,1,,,,
294,,THM5-01,,,,,,,,,,,,,,,1,1,1,1
295,,THM5-02,,,,,,,,,,,,,,,1,1,1,1
296,,THM5-03,,,,,,,,,,,,,,,1,1,1,1
297,,THM5-04,,,,,,,,,,,,,,,1,1,1,1
298,,THM5-05,,,,,,,,,,,,,,,1,1,1,1
299,,THM5-06,,,,,,,,,,,,,,,1,1,1,1
300,,THM5-07,,,,,,,,,,,,,,,1,1,1,1
301,,THM5-08,,,,,,,,,,,,,,,1,1,1,1
302,,THM5-09,,,,,,,,,,,,,,,1,1,1,1
303,,THM5-1,,,,,,,,,,,,,,1,,,,
304,,THM5-10,,,,,,,,,,,,,,1,1,1,1,1
305,,THM5-2,,,,,,,,,,,,,,1,,,,
306,,THM5-3,,,,,,,,,,,,,,1,,,,
307,,THM5-4,,,,,,,,,,,,,,1,,,,
308,,THM5-5,,,,,,,,,,,,,,1,,,,
309,,THM5-6,,,,,,,,,,,,,,1,,,,
310,,THM5-7,,,,,,,,,,,,,,1,,,,
311,,THM5-8,,,,,,,,,,,,,,1,,,,
312,,THM5-9,,,,,,,,,,,,,,1,,,,
313,,THM6-01,,,,,,,,,,,,,,,1,1,1,1
314,,THM6-02,,,,,,,,,,,,,,,1,1,1,1
315,,THM6-03,,,,,,,,,,,,,,,1,1,1,1
316,,THM6-04,,,,,,,,,,,,,,,1,1,1,1
317,,THM6-05,,,,,,,,,,,,,,,1,1,1,1
318,,THM6-06,,,,,,,,,,,,,,,1,1,1,1
319,,THM6-07,,,,,,,,,,,,,,,1,1,1,1
320,,THM6-08,,,,,,,,,,,,,,,1,1,1,1
321,,THM6-09,,,,,,,,,,,,,,,1,1,1,1
322,,THM6-1,,,,,,,,,,,,,,1,,,,
323,,THM6-10,,,,,,,,,,,,,,1,1,1,1,1
324,,THM6-2,,,,,,,,,,,,,,1,,,,
325,,THM6-3,,,,,,,,,,,,,,1,,,,
326,,THM6-4,,,,,,,,,,,,,,1,,,,
327,,THM6-5,,,,,,,,,,,,,,1,,,,
328,,THM6-6,,,,,,,,,,,,,,1,,,,
329,,THM6-7,,,,,,,,,,,,,,1,,,,
330,,THM6-8,,,,,,,,,,,,,,1,,,,
331,,THM6-9,,,,,,,,,,,,,,1,,,,
332,,THSBM1-1,,,,,1,,,,,,,,,,,,,
333,,THSBM1-10,,,,,1,,,,,,,,,,,,,
334,,THSBM1-2,,,,,1,,,,,,,,,,,,,
335,,THSBM1-3,,,,,1,,,,,,,,,,,,,
336,,THSBM1-4,,,,,1,,,,,,,,,,,,,
337,,THSBM1-5,,,,,1,,,,,,,,,,,,,
338,,THSBM1-6,,,,,1,,,,,,,,,,,,,
339,,THSBM1-7,,,,,1,,,,,,,,,,,,,
340,,THSBM1-8,,,,,1,,,,,,,,,,,,,
341,,THSBM1-9,,,,,1,,,,,,,,,,,,,
342,,THSBM2-1,,,,,1,,,,,,,,,,,,,
343,,THSBM2-10,,,,,1,,,,,,,,,,,,,
344,,THSBM2-2,,,,,1,,,,,,,,,,,,,
345,,THSBM2-3,,,,,1,,,,,,,,,,,,,
346,,THSBM2-4,,,,,1,,,,,,,,,,,,,
347,,THSBM2-5,,,,,1,,,,,,,,,,,,,
348,,THSBM2-6,,,,,1,,,,,,,,,,,,,
349,,THSBM2-7,,,,,1,,,,,,,,,,,,,
350,,THSBM2-8,,,,,1,,,,,,,,,,,,,
351,,THSBM2-9,,,,,1,,,,,,,,,,,,,
352,,THSWALE2-1,,,,,,1,1,,,,,,,,,,,
353,,THSWALE2-10,,,,,,1,1,,,,,,,,,,,
354,,THSWALE2-2,,,,,,1,1,,,,,,,,,,,
355,,THSWALE2-3,,,,,,1,1,,,,,,,,,,,
356,,THSWALE2-4,,,,,,1,1,,,,,,,,,,,
357,,THSWALE2-5,,,,,,1,1,,,,,,,,,,,
358,,THSWALE2-6,,,,,,1,1,,,,,,,,,,,
359,,THSWALE2-7,,,,,,1,1,,,,,,,,,,,
360,,THSWALE2-8,,,,,,1,1,,,,,,,,,,,
361,,THSWALE2-9,,,,,,1,1,,,,,,,,,,,
362,,THUB1-1,,,1,1,,,,,,,,,,,,,,
363,,THUB1-10,,,1,1,,,,,,,,,,,,,,
364,,THUB1-2,,,1,1,,,,,,,,,,,,,,
365,,THUB1-3,,,1,1,,,,,,,,,,,,,,
366,,THUB1-4,,,1,1,,,,,,,,,,,,,,
367,,THUB1-5,,,1,1,,,,,,,,,,,,,,
368,,THUB1-6,,,1,1,,,,,,,,,,,,,,
369,,THUB1-7,,,1,1,,,,,,,,,,,,,,
370,,THUB1-8,,,1,1,,,,,,,,,,,,,,
371,,THUB1-9,,,1,1,,,,,,,,,,,,,,
372,,THUB2-1,,,1,1,,,,,,,,,,,,,,
373,,THUB2-10,,,1,1,,,,,,,,,,,,,,
374,,THUB2-2,,,1,1,,,,,,,,,,,,,,
375,,THUB2-3,,,1,1,,,,,,,,,,,,,,
376,,THUB2-4,,,1,1,,,,,,,,,,,,,,
377,,THUB2-5,,,1,1,,,,,,,,,,,,,,
378,,THUB2-6,,,1,1,,,,,,,,,,,,,,
379,,THUB2-7,,,1,1,,,,,,,,,,,,,,
380,,THUB2-8,,,1,1,,,,,,,,,,,,,,
381,,THUB2-9,,,1,1,,,,,,,,,,,,,,
382,,THUBFM1-1,,,,,1,,,,,,,,,,,,,
383,,THUBFM1-10,,,,,1,,,,,,,,,,,,,
384,,THUBFM1-2,,,,,1,,,,,,,,,,,,,
385,,THUBFM1-3,,,,,1,,,,,,,,,,,,,
386,,THUBFM1-4,,,,,1,,,,,,,,,,,,,
387,,THUBFM1-5,,,,,1,,,,,,,,,,,,,
388,,THUBFM1-6,,,,,1,,,,,,,,,,,,,
389,,THUBFM1-7,,,,,1,,,,,,,,,,,,,
390,,THUBFM1-8,,,,,1,,,,,,,,,,,,,
391,,THUBFM1-9,,,,,1,,,,,,,,,,,,,
392,,THUBM2-1,,,,,1,,,,,,,,,,,,,
393,,THUBM2-10,,,,,1,,,,,,,,,,,,,
394,,THUBM2-2,,,,,1,,,,,,,,,,,,,
395,,THUBM2-3,,,,,1,,,,,,,,,,,,,
396,,THUBM2-4,,,,,1,,,,,,,,,,,,,
397,,THUBM2-5,,,,,1,,,,,,,,,,,,,
398,,THUBM2-6,,,,,1,,,,,,,,,,,,,
399,,THUBM2-7,,,,,1,,,,,,,,,,,,,
400,,THUBM2-8,,,,,1,,,,,,,,,,,,,
401,,THUBM2-9,,,,,1,,,,,,,,,,,,,
402,,THUBUGM1-1,,,,,,1,1,1,1,1,1,1,1,,,,,
403,,THUBUGM1-10,,,,,,1,1,1,1,1,1,1,1,,,,,
404,,THUBUGM1-2,,,,,,1,1,1,1,1,1,1,1,,,,,
405,,THUBUGM1-3,,,,,,1,1,1,1,1,1,1,1,,,,,
406,,THUBUGM1-4,,,,,,1,1,1,1,1,1,1,1,,,,,
407,,THUBUGM1-5,,,,,,1,1,1,1,1,1,1,1,,,,,
408,,THUBUGM1-6,,,,,,1,1,1,1,1,1,1,1,,,,,
409,,THUBUGM1-7,,,,,,1,1,1,1,1,1,1,1,,,,,
410,,THUBUGM1-8,,,,,,1,1,1,1,1,1,1,1,,,,,
411,,THUBUGM1-9,,,,,,1,1,1,1,1,1,1,1,,,,,
412,,THUBUGM2-01,,,,,,,,,,,,,,,1,1,1,1
413,,THUBUGM2-02,,,,,,,,,,,,,,,1,1,1,1
414,,THUBUGM2-03,,,,,,,,,,,,,,,1,1,1,1
415,,THUBUGM2-04,,,,,,,,,,,,,,,1,1,1,1
416,,THUBUGM2-05,,,,,,,,,,,,,,,1,1,1,1
417,,THUBUGM2-06,,,,,,,,,,,,,,,1,1,1,1
418,,THUBUGM2-07,,,,,,,,,,,,,,,1,1,1,1
419,,THUBUGM2-08,,,,,,,,,,,,,,,1,1,1,1
420,,THUBUGM2-09,,,,,,,,,,,,,,,1,1,1,1
421,,THUBUGM2-1,,,,,,1,1,1,1,1,1,1,1,1,,,,
422,,THUBUGM2-10,,,,,,1,1,1,1,1,1,1,1,1,1,1,1,1
423,,THUBUGM2-2,,,,,,1,1,1,1,1,1,1,1,1,,,,
424,,THUBUGM2-3,,,,,,1,1,1,1,1,1,1,1,1,,,,
425,,THUBUGM2-4,,,,,,1,1,1,1,1,1,1,1,1,,,,
426,,THUBUGM2-5,,,,,,1,1,1,1,1,1,1,1,1,,,,
427,,THUBUGM2-6,,,,,,1,1,1,1,1,1,1,1,1,,,,
428,,THUBUGM2-7,,,,,,1,1,1,1,1,1,1,1,1,,,,
429,,THUBUGM2-8,,,,,,1,1,1,1,1,1,1,1,1,,,,
430,,THUBUGM2-9,,,,,,1,1,1,1,1,1,1,1,1,,,,
431,,THVC1-01,,,,,,,,,,,,,,,1,1,1,1
432,,THVC1-02,,,,,,,,,,,,,,,1,1,1,1
433,,THVC1-03,,,,,,,,,,,,,,,1,1,1,1
434,,THVC1-04,,,,,,,,,,,,,,,1,1,1,1
435,,THVC1-05,,,,,,,,,,,,,,,1,1,1,1
436,,THVC1-06,,,,,,,,,,,,,,,1,1,1,1
437,,THVC1-07,,,,,,,,,,,,,,,1,1,1,1
438,,THVC1-08,,,,,,,,,,,,,,,1,1,1,1
439,,THVC1-09,,,,,,,,,,,,,,,1,1,1,1
440,,THVC1-1,1,1,1,1,1,1,1,1,1,1,1,1,1,1,,,,
441,,THVC1-10,1,1,1,1,1,1,1,1,1,1,1,1,1,1,,1,1,1
442,,THVC1-2,1,1,1,1,1,1,1,1,1,1,1,1,1,1,,,,
443,,THVC1-3,1,1,1,1,1,1,1,1,1,1,1,1,1,1,,,,
444,,THVC1-4,1,1,1,1,1,1,1,1,1,1,1,1,1,1,,,,
445,,THVC1-5,1,1,1,1,1,1,1,1,1,1,1,1,1,1,,,,
446,,THVC1-6,1,1,1,1,1,1,1,1,1,1,1,1,1,1,,,,
447,,THVC1-7,1,1,1,1,1,1,1,1,1,1,1,1,1,1,,,,
448,,THVC1-8,1,1,1,1,1,1,1,1,1,1,1,1,1,1,,,,
449,,THVC1-9,1,1,1,1,1,1,1,1,1,1,1,1,1,1,,,,
450,,THVC2-1,,,,,1,,,,,,,,,,,,,
451,,THVC2-10,,,,,1,,,,,,,,,,,,,
452,,THVC2-2,,,,,1,,,,,,,,,,,,,
453,,THVC2-3,,,,,1,,,,,,,,,,,,,
454,,THVC2-4,,,,,1,,,,,,,,,,,,,
455,,THVC2-5,,,,,1,,,,,,,,,,,,,
456,,THVC2-6,,,,,1,,,,,,,,,,,,,
457,,THVC2-7,,,,,1,,,,,,,,,,,,,
458,,THVC2-8,,,,,1,,,,,,,,,,,,,
459,,THVC2-9,,,,,1,,,,,,,,,,,,,
460,,THVC3-1,,,,,1,1,1,1,1,1,1,1,1,1,,,,
461,,THVC3-10,,,,,1,1,1,1,1,1,1,1,1,1,,,,
462,,THVC3-2,,,,,1,1,1,1,1,1,1,1,1,1,,,,
463,,THVC3-3,,,,,1,1,1,1,1,1,1,1,1,1,,,,
464,,THVC3-4,,,,,1,1,1,1,1,1,1,1,1,1,,,,
465,,THVC3-5,,,,,1,1,1,1,1,1,1,1,1,1,,,,
466,,THVC3-6,,,,,1,1,1,1,1,1,1,1,1,1,,,,
467,,THVC3-7,,,,,1,1,1,1,1,1,1,1,1,1,,,,
468,,THVC3-8,,,,,1,1,1,1,1,1,1,1,1,1,,,,
469,,THVC3-9,,,,,1,1,1,1,1,1,1,1,1,1,,,,
470,,THVC4-1,,,,,1,1,1,1,1,1,1,1,1,,,,,
471,,THVC4-10,,,,,1,1,1,1,1,1,1,1,1,,,,,
472,,THVC4-2,,,,,1,1,1,1,1,1,1,1,1,,,,,
473,,THVC4-3,,,,,1,1,1,1,1,1,1,1,1,,,,,
474,,THVC4-4,,,,,1,1,1,1,1,1,1,1,1,,,,,
475,,THVC4-5,,,,,1,1,1,1,1,1,1,1,1,,,,,
476,,THVC4-6,,,,,1,1,1,1,1,1,1,1,1,,,,,
477,,THVC4-7,,,,,1,1,1,1,1,1,1,1,1,,,,,
478,,THVC4-8,,,,,1,1,1,1,1,1,1,1,1,,,,,
479,,THVC4-9,,,,,1,1,1,1,1,1,1,1,1,,,,,
480,,THVW1-1,1,1,1,1,1,1,1,1,1,1,1,1,1,1,,,,
481,,THVW1-10,1,1,1,1,1,1,1,1,1,1,1,1,1,1,,,,
482,,THVW1-2,1,1,1,1,1,1,1,1,1,1,1,1,1,1,,,,
483,,THVW1-3,1,1,1,1,1,1,1,1,1,1,1,1,1,1,,,,
484,,THVW1-4,1,1,1,1,1,1,1,1,1,1,1,1,1,1,,,,
485,,THVW1-5,1,1,1,1,1,1,1,1,1,1,1,1,1,1,,,,
486,,THVW1-6,1,1,1,1,1,1,1,1,1,1,1,1,1,1,,,,
487,,THVW1-7,1,1,1,1,1,1,1,1,1,1,1,1,1,1,,,,
488,,THVW1-8,1,1,1,1,1,1,1,1,1,1,1,1,1,1,,,,
489,,THVW1-9,1,1,1,1,1,1,1,1,1,1,1,1,1,1,,,,
490,,THW1-01,,,,,,,,,,,,,,,1,1,1,1
491,,THW1-02,,,,,,,,,,,,,,,1,1,1,1
492,,THW1-03,,,,,,,,,,,,,,,1,1,1,1
493,,THW1-04,,,,,,,,,,,,,,,1,1,1,1
494,,THW1-05,,,,,,,,,,,,,,,1,1,1,1
495,,THW1-06,,,,,,,,,,,,,,,1,1,1,1
496,,THW1-07,,,,,,,,,,,,,,,1,1,1,1
497,,THW1-08,,,,,,,,,,,,,,,1,1,1,1
498,,THW1-09,,,,,,,,,,,,,,,1,1,1,1
499,,THW1-1,1,1,1,1,1,,1,1,1,1,1,1,1,1,,,,
500,,THW1-10,1,1,1,1,1,,1,1,1,1,1,1,1,1,1,1,1,1
501,,THW1-2,1,1,1,1,1,,1,1,1,1,1,1,1,1,,,,
502,,THW1-3,1,1,1,1,1,,1,1,1,1,1,1,1,1,,,,
503,,THW1-4,1,1,1,1,1,,1,1,1,1,1,1,1,1,,,,
504,,THW1-5,1,1,1,1,1,,1,1,1,1,1,1,1,1,,,,
505,,THW1-6,1,1,1,1,1,,1,1,1,1,1,1,1,1,,,,
506,,THW1-7,1,1,1,1,1,,1,1,1,1,1,1,1,1,,,,
507,,THW1-8,1,1,1,1,1,,1,1,1,1,1,1,1,1,,,,
508,,THW1-9,1,1,1,1,1,,1,1,1,1,1,1,1,1,,,,
